作者,维度,检查项,判定,证据,改进提示
lishengdan,可复用,有安装 / 上手步骤,pass,命中关键词：「安装」、「使用步骤」、「pip install」、「install」,在技能说明或教学说明中补一段「安装 / 上手」步骤（含具体命令）。
lishengdan,可复用,可执行文件内无硬编码绝对路径,fail,lishengdan/demo/lishengdan_C4_demo_生成脚本.py: D:\；lishengdan/demo/lishengdan_C4_demo_生成脚本.py: C:\,把脚本里的绝对路径改为命令行参数 / 环境变量 / 相对路径，并给默认值。
lishengdan,可复用,文档内绝对路径仅作为示例且数量有限,partial,文档出现 9 处绝对路径（阈值 4），与本机目录耦合偏重；lishengdan/lishengdan_C4_AI日志.md: D:/；lishengdan_C4_challenge-submission-checker.skill::challenge-submission-checker/SKILL.md: D:/；lishengdan_C4_challenge-submission-checker.skill::challenge-submission-checker/SKILL.md: D:/,文档示例路径统一用占位符（如 <你的文件夹>），减少对本机目录的暗示。
lishengdan,可复用,声明了运行环境 / 依赖,pass,命中关键词：「环境要求」、「依赖」、「requirements」、「python 3」,补一行「运行环境」：语言与版本、是否需要第三方库。
lishengdan,可复用,有平台兼容 / 泛化说明,pass,命中关键词：「windows」、「macos」、「linux」、「平台无关」,说明支持哪些操作系统，以及输入是否接受任意本地文件夹路径。
lishengdan,可执行,含可运行代码 / 工作流定义,pass,包含 3 个代码文件/代码段,补一个可直接运行的脚本，或在 SKILL.md 里给出有序可执行的工作流步骤。
lishengdan,可执行,技能包结构合法（.skill/zip 可解压且含 SKILL.md）,pass,lishengdan_C4_challenge-submission-checker.skill：zip 格式、18 个条目、含 SKILL.md,重打 .skill 包：确认是 zip、根目录含 SKILL.md、且未多套一层目录。
lishengdan,可执行,Python 源码语法可解析,pass,3 个 Python 文件 compile() 通过,修掉脚本的语法错误（本项用 compile() 实测，不是关键词判断）。
lishengdan,可执行,SKILL.md 具备有效 YAML frontmatter（name + description）,pass,lishengdan_C4_challenge-submission-checker.skill::challenge-submission-checker/SKILL.md：name=challenge-submission-checker，description 1024 字符,在 SKILL.md 顶部补 `--- name: ... description: ... ---`，否则技能永远不会被触发。
lishengdan,可验证,有测试用例或可复跑示例,pass,命中关键词：「测试」、「自测」、「test」、「断言」,附一个可复跑的示例或断言式自测脚本（run_selftest.py 之类）。
lishengdan,可验证,写明了预期输出 / 结果,pass,命中关键词：「预期」,给出一次真实运行的预期输出（贴 stdout 或结果文件片段）。
lishengdan,可验证,Demo 文件存在且非空,pass,lishengdan/demo/lishengdan_C4_demo_1_技能自测.png（43.9 KB）；lishengdan/demo/lishengdan_C4_demo_2_通过场景.png（91.3 KB）；lishengdan/demo/lishengdan_C4_demo_3_缺失交付物.png（108.0 KB）,补 demo（截图或录屏），文件不能是 0 字节。
lishengdan,可验证,有明确的通过 / 失败判据,pass,命中关键词：「pass」、「fail」、「判定」、「阈值」,写下可判定的成功/失败标准（如「分数 ≥85 且无阻断项 = PASS」）。
lishengdan,IO 明确,存在「输入 X，输出 Y」式一句话描述,pass,lishengdan/lishengdan_C4_AI日志.md：…输入输出…,在技能说明开头补一句话：「输入 ___，输出 ___」。
lishengdan,IO 明确,输入的类型 / 格式有说明,pass,命中关键词：「输入」、「参数」、「argv」,说明输入是什么：文件夹路径 / 文件 / 参数名 / 格式。
lishengdan,IO 明确,输出的类型 / 格式有说明,pass,命中关键词：「输出」、「生成」、「产出」、「报告」,说明输出是什么：文件名、格式（.md/.json/.csv）与落在哪里。
lishengdan,IO 明确,说明了边界输入的处理,pass,命中关键词：「边界」、「缺失」、「异常」、「edge case」,补「边界情况」一节：空文件夹、缺文件、不规范命名时分别怎么处理。
c4a-starter,可复用,有安装 / 上手步骤,pass,命中关键词：「安装」、「pip install」、「npm install」、「install」,在技能说明或教学说明中补一段「安装 / 上手」步骤（含具体命令）。
c4a-starter,可复用,可执行文件内无硬编码绝对路径,na,,把脚本里的绝对路径改为命令行参数 / 环境变量 / 相对路径，并给默认值。
c4a-starter,可复用,文档内绝对路径仅作为示例且数量有限,pass,文档出现 2 处示例路径（≤4，视为示例）；c4a-starter/references/c4_rubric.yaml: /Users/；c4a-starter/references/c4_rubric.yaml: C:\,文档示例路径统一用占位符（如 <你的文件夹>），减少对本机目录的暗示。
c4a-starter,可复用,声明了运行环境 / 依赖,pass,命中关键词：「环境要求」、「依赖」、「requirements」、「dependencies」,补一行「运行环境」：语言与版本、是否需要第三方库。
c4a-starter,可复用,有平台兼容 / 泛化说明,pass,命中关键词：「兼容」、「compatible」、「windows」、「macos」,说明支持哪些操作系统，以及输入是否接受任意本地文件夹路径。
c4a-starter,可执行,含可运行代码 / 工作流定义,pass,SKILL.md 内含有序工作流/步骤章节,补一个可直接运行的脚本，或在 SKILL.md 里给出有序可执行的工作流步骤。
c4a-starter,可执行,技能包结构合法（.skill/zip 可解压且含 SKILL.md）,na,未提交 .skill / 压缩包,重打 .skill 包：确认是 zip、根目录含 SKILL.md、且未多套一层目录。
c4a-starter,可执行,Python 源码语法可解析,na,未包含 Python 源码,修掉脚本的语法错误（本项用 compile() 实测，不是关键词判断）。
c4a-starter,可执行,SKILL.md 具备有效 YAML frontmatter（name + description）,pass,c4a-starter/SKILL.md：name=c4-skill-evaluator，description 683 字符,在 SKILL.md 顶部补 `--- name: ... description: ... ---`，否则技能永远不会被触发。
c4a-starter,可验证,有测试用例或可复跑示例,pass,命中关键词：「测试」、「test」、「示例」、「example」,附一个可复跑的示例或断言式自测脚本（run_selftest.py 之类）。
c4a-starter,可验证,写明了预期输出 / 结果,pass,命中关键词：「预期」、「expected」,给出一次真实运行的预期输出（贴 stdout 或结果文件片段）。
c4a-starter,可验证,Demo 文件存在且非空,fail,未找到 demo 文件,补 demo（截图或录屏），文件不能是 0 字节。
c4a-starter,可验证,有明确的通过 / 失败判据,pass,命中关键词：「pass」、「fail」,写下可判定的成功/失败标准（如「分数 ≥85 且无阻断项 = PASS」）。
c4a-starter,IO 明确,存在「输入 X，输出 Y」式一句话描述,pass,c4a-starter/references/c4_rubric.yaml：…输入输出…,在技能说明开头补一句话：「输入 ___，输出 ___」。
c4a-starter,IO 明确,输入的类型 / 格式有说明,pass,命中关键词：「输入」、「input」、「接受」,说明输入是什么：文件夹路径 / 文件 / 参数名 / 格式。
c4a-starter,IO 明确,输出的类型 / 格式有说明,pass,命中关键词：「输出」、「生成」、「报告」、「output」,说明输出是什么：文件名、格式（.md/.json/.csv）与落在哪里。
c4a-starter,IO 明确,说明了边界输入的处理,pass,命中关键词：「空文件夹」、「缺失」、「edge case」,补「边界情况」一节：空文件夹、缺文件、不规范命名时分别怎么处理。
skill-explainer,可复用,有安装 / 上手步骤,pass,命中关键词：「install」,在技能说明或教学说明中补一段「安装 / 上手」步骤（含具体命令）。
skill-explainer,可复用,可执行文件内无硬编码绝对路径,na,,把脚本里的绝对路径改为命令行参数 / 环境变量 / 相对路径，并给默认值。
skill-explainer,可复用,文档内绝对路径仅作为示例且数量有限,partial,文档出现 6 处绝对路径（阈值 4），与本机目录耦合偏重；skill-explainer.skill::skill-explainer/SKILL.md: /mnt/；skill-explainer.skill::skill-explainer/SKILL.md: /mnt/；skill-explainer.skill::skill-explainer/SKILL.md: /mnt/,文档示例路径统一用占位符（如 <你的文件夹>），减少对本机目录的暗示。
skill-explainer,可复用,声明了运行环境 / 依赖,pass,命中关键词：「requirements」,补一行「运行环境」：语言与版本、是否需要第三方库。
skill-explainer,可复用,有平台兼容 / 泛化说明,fail,,说明支持哪些操作系统，以及输入是否接受任意本地文件夹路径。
skill-explainer,可执行,含可运行代码 / 工作流定义,pass,SKILL.md 内含有序工作流/步骤章节,补一个可直接运行的脚本，或在 SKILL.md 里给出有序可执行的工作流步骤。
skill-explainer,可执行,技能包结构合法（.skill/zip 可解压且含 SKILL.md）,pass,skill-explainer.skill：zip 格式、2 个条目、含 SKILL.md,重打 .skill 包：确认是 zip、根目录含 SKILL.md、且未多套一层目录。
skill-explainer,可执行,Python 源码语法可解析,na,未包含 Python 源码,修掉脚本的语法错误（本项用 compile() 实测，不是关键词判断）。
skill-explainer,可执行,SKILL.md 具备有效 YAML frontmatter（name + description）,pass,skill-explainer.skill::skill-explainer/SKILL.md：name=skill-explainer，description 797 字符,在 SKILL.md 顶部补 `--- name: ... description: ... ---`，否则技能永远不会被触发。
skill-explainer,可验证,有测试用例或可复跑示例,pass,命中关键词：「test」、「示例」、「example」,附一个可复跑的示例或断言式自测脚本（run_selftest.py 之类）。
skill-explainer,可验证,写明了预期输出 / 结果,pass,命中关键词：「expected」,给出一次真实运行的预期输出（贴 stdout 或结果文件片段）。
skill-explainer,可验证,Demo 文件存在且非空,fail,未找到 demo 文件,补 demo（截图或录屏），文件不能是 0 字节。
skill-explainer,可验证,有明确的通过 / 失败判据,pass,命中关键词：「>=」,写下可判定的成功/失败标准（如「分数 ≥85 且无阻断项 = PASS」）。
skill-explainer,IO 明确,存在「输入 X，输出 Y」式一句话描述,pass,skill-explainer.skill::skill-explainer/references/rubric.md：…input → processing → output…,在技能说明开头补一句话：「输入 ___，输出 ___」。
skill-explainer,IO 明确,输入的类型 / 格式有说明,pass,命中关键词：「input」,说明输入是什么：文件夹路径 / 文件 / 参数名 / 格式。
skill-explainer,IO 明确,输出的类型 / 格式有说明,pass,命中关键词：「output」、「.md」,说明输出是什么：文件名、格式（.md/.json/.csv）与落在哪里。
skill-explainer,IO 明确,说明了边界输入的处理,pass,命中关键词：「边界」、「edge case」,补「边界情况」一节：空文件夹、缺文件、不规范命名时分别怎么处理。
wechat-doc-mapper,可复用,有安装 / 上手步骤,pass,命中关键词：「上手」,在技能说明或教学说明中补一段「安装 / 上手」步骤（含具体命令）。
wechat-doc-mapper,可复用,可执行文件内无硬编码绝对路径,fail,wechat-doc-mapper.skill::wechat-doc-mapper/scripts/wechat_doc_mapper.py: /mnt/；wechat-doc-mapper.skill::wechat-doc-mapper/scripts/wechat_doc_mapper.py: /mnt/,把脚本里的绝对路径改为命令行参数 / 环境变量 / 相对路径，并给默认值。
wechat-doc-mapper,可复用,文档内绝对路径仅作为示例且数量有限,pass,文档出现 3 处示例路径（≤4，视为示例）；wechat-doc-mapper.skill::wechat-doc-mapper/SKILL.md: /mnt/；wechat-doc-mapper.skill::wechat-doc-mapper/SKILL.md: /mnt/；wechat-doc-mapper.skill::wechat-doc-mapper/SKILL.md: /mnt/,文档示例路径统一用占位符（如 <你的文件夹>），减少对本机目录的暗示。
wechat-doc-mapper,可复用,声明了运行环境 / 依赖,pass,命中关键词：「python 3」、「python3」,补一行「运行环境」：语言与版本、是否需要第三方库。
wechat-doc-mapper,可复用,有平台兼容 / 泛化说明,fail,,说明支持哪些操作系统，以及输入是否接受任意本地文件夹路径。
wechat-doc-mapper,可执行,含可运行代码 / 工作流定义,pass,包含 1 个代码文件/代码段,补一个可直接运行的脚本，或在 SKILL.md 里给出有序可执行的工作流步骤。
wechat-doc-mapper,可执行,技能包结构合法（.skill/zip 可解压且含 SKILL.md）,pass,wechat-doc-mapper.skill：zip 格式、3 个条目、含 SKILL.md,重打 .skill 包：确认是 zip、根目录含 SKILL.md、且未多套一层目录。
wechat-doc-mapper,可执行,Python 源码语法可解析,pass,1 个 Python 文件 compile() 通过,修掉脚本的语法错误（本项用 compile() 实测，不是关键词判断）。
wechat-doc-mapper,可执行,SKILL.md 具备有效 YAML frontmatter（name + description）,pass,wechat-doc-mapper.skill::wechat-doc-mapper/SKILL.md：name=wechat-doc-mapper，description 918 字符,在 SKILL.md 顶部补 `--- name: ... description: ... ---`，否则技能永远不会被触发。
wechat-doc-mapper,可验证,有测试用例或可复跑示例,pass,命中关键词：「测试」、「example」,附一个可复跑的示例或断言式自测脚本（run_selftest.py 之类）。
wechat-doc-mapper,可验证,写明了预期输出 / 结果,pass,命中关键词：「expected」,给出一次真实运行的预期输出（贴 stdout 或结果文件片段）。
wechat-doc-mapper,可验证,Demo 文件存在且非空,fail,未找到 demo 文件,补 demo（截图或录屏），文件不能是 0 字节。
wechat-doc-mapper,可验证,有明确的通过 / 失败判据,pass,命中关键词：「pass」,写下可判定的成功/失败标准（如「分数 ≥85 且无阻断项 = PASS」）。
wechat-doc-mapper,IO 明确,存在「输入 X，输出 Y」式一句话描述,fail,,在技能说明开头补一句话：「输入 ___，输出 ___」。
wechat-doc-mapper,IO 明确,输入的类型 / 格式有说明,fail,,说明输入是什么：文件夹路径 / 文件 / 参数名 / 格式。
wechat-doc-mapper,IO 明确,输出的类型 / 格式有说明,pass,命中关键词：「生成」、「output」、「.md」、「.json」,说明输出是什么：文件名、格式（.md/.json/.csv）与落在哪里。
wechat-doc-mapper,IO 明确,说明了边界输入的处理,pass,命中关键词：「edge case」,补「边界情况」一节：空文件夹、缺文件、不规范命名时分别怎么处理。
